progress_bar,Python
progress1bar,Python
awesome-progress-bar,Python
hive-progress-bar,Python
python-progress-bar,Python
blackhc.progress-bar,Python
text_progress_bar,Python
console-progress-bar,Python
pyterm-progress-bar,Python
simple-progress-bar,Python
bar,Python
progress,Python
progress2,Python
yapb,Python
yapb,Rust
basicprogressbar,Python
progressist,Python
tcli-bar,Python
candy-bar,Python
simple-bar,Python
pyloading-bar,Python
coop-bar,Python
agents-bar,Python
cdk-bar,Python
cdk-bar,JavaScript
process-bar,Python
cloudmesh-bar,Python
load-bar,Python
bar-protonmail,Python
qprogress,Python
pgb,Python
hider-progressbar1,Python
proggy,Python
syncedPB,Python
stprogressbar,Python
kwpbar,Python
pgbar,Python
lubar,Python
better-progress,Python
progress-counter,Python
django-progress,Python
joblib-progress,Python
progress_meter,Python
celery-progress,Python
progress-text,Python
progress-rajanmandanka,Python
light-progress,Python
smart-progress,Python
progress-table,Python
python-progress,Python
pytest-progress,Python
slack-progress,Python
cs.progress,Python
progress-checkpoint,Python
incremental-progress,Python
rotest-progress,Python
py-progress,Python
ae-progress,Python
progress-tracker,Python
tui-progress,Python
