package_name,dependency_pkg
nova-graph,ipython
cprofile_graph,click
cprofile_graph,pygraphviz
cprofile_graph,gprof2dot
pc2graph,numpy
pc2graph,scikit-learn
pc2graph,networkx
graph-ltpl,numpy
graph-ltpl,scipy
graph-ltpl,python-igraph
graph-ltpl,trajectory-planning-helpers
graph-ltpl,matplotlib
gwf-graph,click
gwf-graph,gwf
gwf-graph,graphviz
gwf-graph,attrs
graph-notebook,nbconvert
graph-notebook,jupyterlab-widgets
graph-notebook,networkx
graph-notebook,nbclient
graph-notebook,jupyter
graph-notebook,SPARQLWrapper
graph-notebook,neo4j
graph-notebook,botocore
graph-notebook,rdflib
graph-notebook,ipykernel
graph-notebook,ipython
graph-notebook,gremlinpython
graph-notebook,ipywidgets
graph-notebook,boto3
graph-notebook,jupyter-contrib-nbextensions
graph-notebook,itables
graph-notebook,pandas
graph-notebook,widgetsnbextension
graph-notebook,jedi
graph-notebook,notebook
graph-notebook,Jinja2
graph-notebook,requests
graph-notebook,markupsafe
graph-trackintel,numpy
graph-trackintel,scipy
graph-trackintel,psycopg2
graph-trackintel,pyproj
graph-trackintel,trackintel
graph-trackintel,networkx
graph-trackintel,matplotlib
graph-ood,pytest-xdist
graph-ood,cilog
graph-ood,protobuf
graph-ood,networkx
graph-ood,pytest
graph-ood,sphinx-rtd-theme
graph-ood,matplotlib
graph-ood,gdown
graph-ood,ogb
graph-ood,pytest-cov
graph-ood,typed-argument-parser
graph-ood,sphinx
graph-ood,munch
graph-ood,ruamel.yaml
graph-ood,tensorboard
graph-ood,tqdm
graph-measures,numpy
graph-measures,scipy
graph-measures,scikit-learn
graph-measures,bitstring
graph-measures,setuptools
graph-measures,networkx
graph-measures,python-louvain
graph-measures,future
graph-measures,matplotlib
graph-measures,torch
graph-measures,pandas
compile-graph,docopt
compile-graph,graphviz
compile-graph,watchdog
fn-graph,yfinance;
fn-graph,seaborn;
fn-graph,sklearn;
fn-graph,littleutils
fn-graph,graphviz
fn-graph,pandas;
fn-graph,networkx
fn-graph,matplotlib;
fn-graph,plotly;
fn-graph,statsmodels;
d3graph,numpy
d3graph,scikit-learn
d3graph,jinja2
d3graph,networkx
d3graph,ismember
d3graph,python-louvain
d3graph,packaging
d3graph,markupsafe
d3graph,pandas
d3graph,colourmap
aranet4-graph,numpy
aranet4-graph,dateparser
aranet4-graph,matplotlib
aranet4-graph,pandas
aranet4-graph,seaborn
graph-diff,cppimport
graph-diff,numpy
graph-diff,stringcase
graph-diff,pydot
ahp-graph,pygraphviz
ahp-graph,orjson
blif2graph,graphviz
blif2graph,blifparser
synapse_graph,pyvis
graph-validations,Typhoon-HIL-API
graph-validations,Click
grammar-graph,fuzzingbook
grammar-graph,pytest-xdist
grammar-graph,wheel
grammar-graph,graphviz
grammar-graph,pytest
grammar-graph,pytest-pycharm
grammar-graph,fibheap
splink-graph,numpy
splink-graph,scipy
splink-graph,gensim
splink-graph,networkx
splink-graph,graphframes
splink-graph,node2vec
call-graph,more-itertools
graph2gnn,requests
graph2gnn,pandas
graph2gnn,tqdm
qrl-graph,numpy
qrl-graph,scipy
qrl-graph,networkx
qrl-graph,matplotlib
qrl-graph,tqdm
sphinx-graph,networkx
sphinx-graph,sphinx
graph-ensembles,numpy
graph-ensembles,scipy
graph-ensembles,flake8
graph-ensembles,setuptools
graph-ensembles,wheel
graph-ensembles,networkx
graph-ensembles,pytest
graph-ensembles,twine
graph-ensembles,numba
graph-ensembles,pytest-cov
graph-ensembles,matplotlib
graph-ensembles,tox
graph-ensembles,check-manifest
graph-ensembles,coverage
graph-ensembles,pandas
graph-search,numpy
graph-search,waterbear
graph-search,ml-logger
graph-search,networkx
graph-search,matplotlib
graph-search,jupyter
graph-search,pandas
graph-wrap,graphene-django
graph-wrapper,typing_extensions
graph-wrapper,retworkx
graph-garden,pySmartDL
graph-garden,circus
graph-garden,psutil
graph-garden,typer
graph-garden,python-arango
graph-garden,appdirs
graph-garden,beautifulsoup4
instruction-graph,enum34
instruction-graph,klepto
instruction-graph,six
graph-tools,numpy
graph-tools,pytess
graph-tools,perlcompat
graph-scheduler,numpy
graph-scheduler,psyneulink
graph-scheduler,pytest-pycodestyle
graph-scheduler,sphinx-autodoc-typehints
graph-scheduler,pytest-xdist
graph-scheduler,m2r2
graph-scheduler,pytest-pydocstyle
graph-scheduler,pytest-benchmark
graph-scheduler,pytest-helpers-namespace
graph-scheduler,networkx
graph-scheduler,pytest
graph-scheduler,toposort
graph-scheduler,pytest-cov
graph-scheduler,pint
graph-scheduler,sphinx
graph-scheduler,sphinx-rtd-theme
graph-scheduler,coveragepy-lcov
feature-graph,loguru
feature-graph,google-cloud-bigquery
feature-graph,SqliteDict
feature-graph,graphviz
graph-writer,matplotlib
graph-writer,pyvis
graph-writer,wrapt
graph-writer,networkx
graph2sound,numpy
graph2sound,scipy
graph2sound,sounddevice
visual-graph,drawilleplot
visual-graph,matplotlib
visual-graph,networkx
swh.graph,click
swh.graph,grpcio-tools
swh.graph,mypy-protobuf
swh.graph,aiohttp
swh.graph,pytest-asyncio
swh.graph,types-pyyaml
swh.graph,types-click
swh.graph,protobuf
swh.graph,psutil
swh.graph,swh.dataset
swh.graph,types-requests
swh.graph,swh.model
swh.graph,pytest
swh.graph,grpc-stubs
swh.graph,py4j
swh.graph,swh.core[http]
swh.graph,types-protobuf
graph-mapper,metis
graph-partition,k-means-constrained
graph-partition,numpy
graph-partition,scipy
graph-partition,scikit-learn
graph-partition,torch
graph-extract,numpy
graph-extract,pillow
octopy-graph,plotly
octopy-graph,octopy-api
octopy-graph,numpy
shuffle-graph,complete-shuffle
shuffle-graph,networkx
vec2graph,requests
vec2graph,gensim
vec2graph,smart-open
graph-parse,pydash
graph-parse,pydantic
graph-parse,pytest
graph-parse,coverage
graph-parse,mypy
graph-algorithms,numpy
code2graph,pygraphviz
graph-clustering,numpy
graph-clustering,scipy
graph-clustering,sklearn
graph-clustering,joblib
graph-clustering,astropy
graph-clustering,configobj
graph-clustering,matplotlib
mobility-graph,matplotlib
mobility-graph,pytest
mobility-graph,networkx
graph-cyclone,numpy
oval-graph,lxml
visibility-graph,networkx
graph-cli,numpy
graph-cli,matplotlib
graph-cli,pandas
graph4nlp,scipy
graph4nlp,scikit-learn
graph4nlp,pyyaml
graph4nlp,networkx
graph4nlp,pythonds
graph4nlp,ogb
graph4nlp,transformers
graph4nlp,dgl
graph4nlp,stanfordcorenlp
graph4nlp,nltk
graph4nlp,tqdm
rr-graph,simplejson
rr-graph,progressbar2
rr-graph,pycapnp
rr-graph,lxml
graph-progression,importlib_metadata
city-graph,networkx
ebdtable2graph,attrs
ebdtable2graph,networkx
