Web-Scraping-Utility,selenium
Web-Scraping-Utility,check-manifest;
Web-Scraping-Utility,coverage;
Web-Scraping-Utility,bs4
Web-Scraping-Utility,requests
web-scraping-framework,urltools
web-scraping-framework,decorator
web-scraping-framework,idna
web-scraping-framework,billiard
web-scraping-framework,chardet
web-scraping-framework,numpy
web-scraping-framework,MarkupSafe
web-scraping-framework,validators
web-scraping-framework,urllib3
web-scraping-framework,certifi
web-scraping-framework,Flask
web-scraping-framework,Pillow
web-scraping-framework,six
web-scraping-framework,schedule
web-scraping-framework,kombu
web-scraping-framework,scipy
web-scraping-framework,Werkzeug
web-scraping-framework,imageio
web-scraping-framework,psycopg2
web-scraping-framework,plumbum
web-scraping-framework,requests
web-scraping-framework,Click
web-scraping-framework,beautifulsoup4
web-scraping-framework,amqp
web-scraping-framework,lxml
web-scraping-framework,celery
web-scraping-framework,SQLAlchemy
web-scraping-framework,vine
web-scraping-framework,pytz
web-scraping-framework,itsdangerous
web-scraping-framework,opencv-python
web-scraping-framework,Jinja2
web-scraping-bot-template,bs4
web-scraping-bot-template,requests
scraping-tree,chromedriver-autoinstaller
scraping-tree,selenium
scraping-browser,requests
webb-scraping,astropy
webb-scraping,tqdm
webb-scraping,bs4
webb-scraping,numpy
webb-scraping,astroquery
webb-scraping,nbconvert
webb-scraping,pygments
webb-scraping,requests
webb-scraping,nbsphinx
mysb-scraping,requests
mysb-scraping,lxml
mysb-scraping,beautifulsoup4
cf-scraping,requests
cf-scraping,goose3
nba-scraping-api,boto3
nba-scraping-api,bs4
nba-scraping-api,pandas
nba-scraping-api,requests
nba-scraping-api,s3fs
scraping-common-bot,lxml
scraping-common-bot,selenium
scraping-common-bot,bs4
scraping-common-bot,importlib-metadata
scraping-common-bot,setuptools
scraping-common-bot,beautifulsoup4
scraping-common-bot,logger
scraping-common-bot,pytest-cov
scraping-common-bot,pylint
scraping-common-bot,requests
scraping-common-bot,pytest
byprice-scraping-tools,redis
research-scraping-tool,selenium
research-scraping-tool,fake-useragent
research-scraping-tool,pathlib
research-scraping-tool,importlib-metadata
research-scraping-tool,beautifulsoup4
research-scraping-tool,requests
Scraping-Perlverity-Python,requests
katatachi,tzlocal
katatachi,flask-jwt-extended
katatachi,pika
katatachi,pymongo
katatachi,dnspython
katatachi,jsonschema
katatachi,Flask-Limiter[redis]
katatachi,python-twitter
katatachi,flask-cors
katatachi,oauthlib
katatachi,sentry-sdk
katatachi,apscheduler
katatachi,requests
katatachi,flask
katatachi,redis
scape-academy,twine
scape-academy,black
scape-academy,aiolimiter
scape-academy,aiohttp
scape-academy,pre-commit
scape-academy,mypy
scape-academy,click
scape-academy,wheel
scape-academy,flake8
scape-academy,autoflake
scape-academy,pytest
scrape_files,fake_user_agent
scrape_files,requests
scrape_files,lxml
web3,eth-abi
web3,sphinx-better-theme
web3,pytest-asyncio
web3,types-requests
web3,protobuf
web3,pytest-watch
web3,jsonschema
web3,aiohttp
web3,pluggy
web3,towncrier
web3,hypothesis
web3,eth-hash[pycryptodome]
web3,urllib3
web3,types-setuptools
web3,flake8
web3,mock
web3,sphinx
web3,tqdm
web3,ipfshttpclient
web3,types-protobuf
web3,bumpversion
web3,mypy
web3,when-changed
web3,click
web3,wheel
web3,pytest-mock
web3,pytest-pythonpath
web3,lru-dict
web3,websockets
web3,py-solc
web3,py-geth
web3,contextlib2
web3,importlib-metadata
web3,flaky
web3,pytest
web3,toposort
web3,twine
web3,eth-rlp
web3,eth-account
web3,configparser
web3,eth-tester[py-evm]
web3,isort
web3,sphinx-rtd-theme
web3,setuptools
web3,tox
web3,hexbytes
web3,typing-extensions
web3,eth-typing
web3,requests
web3,Jinja2
web3,pytest-xdist
web3,pywin32
web3,eth-utils
raccy,wget
raccy,raccy-utils
raccy,selenium
raccy,raccy-orm
raccy,requests
NewsLookout,lxml
NewsLookout,configparser
NewsLookout,openpyxl
NewsLookout,nltk
NewsLookout,spacy
NewsLookout,pandas
NewsLookout,enlighten
NewsLookout,numpy
NewsLookout,beautifulsoup4
NewsLookout,newspaper3k
NewsLookout,urllib3
NewsLookout,tld
NewsLookout,requests
scrape-fast,bs4
scrape-fast,requirements
scrape-fast,selenium
rss-scrap,aiohttp
rss-scrap,beautifulsoup4
fiverr-api,six
fiverr-api,check-manifest
fiverr-api,webencodings
fiverr-api,pytest
fiverr-api,idna
fiverr-api,charset-normalizer
fiverr-api,certifi
fiverr-api,bs4
fiverr-api,soupsieve
fiverr-api,beautifulsoup4
fiverr-api,urllib3
fiverr-api,requests
fiverr-api,html5lib
fiverr-api,random-user-agent
scrape,six
scrape,lxml
scrape,pdfkit
scrape,tldextract
scrape,requests
scrapealong,nest-asyncio
scrapealong,selenium
scrapealong,diskcache
scrapealong,mptools
scrapealong,aiohttp
scrapealong,pyppeteer
scrapealong,bs4
scrapealong,price-parser
scuEtherNeoJ,neo4j
scuEtherNeoJ,requests
scuEtherNeoJ,pandas
recipe-searchers,tldextract
recipe-searchers,bs4
PyScrappy,selenium
PyScrappy,pandas
PyScrappy,beautifulsoup4
PyScrappy,requests
PyScrappy,webdriver-manager
pyccoma,image-scramble
pyccoma,requests
pyccoma,lxml
titanscraper,xmltodict
titanscraper,requests
titanscraper,lxml
titanscraper,beautifulsoup4
slitherlib,bs4
slitherlib,requests
scholar-network,selenium
StatsScraper,bs4
StatsScraper,requests
StatsScraper,contextlib2
GoogleNewsScraper,selenium
concurrentfloodscraper,requests
shot-scraper,PyYAML
shot-scraper,click-default-group
shot-scraper,pytest-mock
shot-scraper,cogapp
shot-scraper,playwright
shot-scraper,click
shot-scraper,pytest
robinwould,scrapy
robinwould,aiohttp
robinwould,pytest-cov
robinwould,anyio
robinwould,pylint
robinwould,trio
robinwould,pytest
bofa-scraper,selenium
stats-scraper,bs4
stats-scraper,requests
stats-scraper,contextlib2
autoscraper,bs4
autoscraper,requests
autoscraper,lxml
gg-scrape,requests
gg-scrape,anytree
gg-scrape,beautifulsoup4
gg-scrape,typer
melpoi,ipython
melpoi,opencv-python
melpoi,graphviz
melpoi,selenium
webtree,matplotlib
webtree,plotly
webtree,chart-studio
webtree,networkx
webtree,requests
webtree,lxml
webtree,scipy
webtree,dash
webtree,pandas
webtree,Click
webtree,beautifulsoup4
webtree,dash-core-components
webtree,dash-html-components
random-scraper,requests
random-scraper,lxml
gi-scraper,tqdm
gi-scraper,selenium
scrapist,requests
scrapist,lxml
scrapist,beautifulsoup4
kenpombuild,datetime
kenpombuild,bs4
kenpombuild,requests
kenpombuild,Click
zubbi,pyjwt
zubbi,jinja2
zubbi,cryptography
zubbi,elasticsearch-dsl
zubbi,pyyaml
zubbi,markupsafe
zubbi,cachelib
zubbi,sphinx
zubbi,tabulate
zubbi,github3.py
zubbi,zuul-sphinx
zubbi,readme-renderer[md]
zubbi,click
zubbi,pyzmq
zubbi,gitpython
zubbi,requests
zubbi,flask
zubbi,arrow
gwws-genwch,gwcomm-genwch
gwws-genwch,BeautifulSoup4
gwws-genwch,requests
njdoe,requests>=2.27.1
njdoe,beautifulsoup4>=4.10.0
igpicker,wget
igpicker,selenium
igpicker,tqdm
igpicker,bs4
igpicker,ipython
graphscraper,sqlalchemy
ga-attribution-scrape,oauth2client
ga-attribution-scrape,tqdm
ga-attribution-scrape,pandas-gbq
ga-attribution-scrape,google-auth
ga-attribution-scrape,google-cloud-bigquery
ga-attribution-scrape,pandas
ga-attribution-scrape,google-api-python-client
web-grepy,easy-scraper-py
web-grepy,click
d-utils,pytest
d-utils,pyvirtualdisplay
d-utils,selenium
d-utils,webdriverdownloader
WSKrystian,bs4
WSKrystian,requests
WSKrystian,selenium
httpx-html,httpx
httpx-html,pytest-asyncio
httpx-html,fake-useragent
httpx-html,parse
httpx-html,sphinx
httpx-html,requests-file
httpx-html,pyppeteer
httpx-html,mypy
httpx-html,w3lib
httpx-html,beautifulsoup4
httpx-html,flake8
httpx-html,pytest
httpx-html,pyquery
scrapinghelper,requests-html
scrapinghelper,types-requests
scrapinghelper,multimethod
scrapinghelper,numpy
scrapinghelper,pandas
scrapinghelper,PySocks
scrapinghelper,requests
scrapinghelper,loguru
keyscraper,lxml
keyscraper,selenium
keyscraper,markdown
keyscraper,bs4
keyscraper,pandas
keyscraper,requests
ufesp,pandas
data49,requests
data49,thefuzz[speedup]
data49,selenium
data49,beautifulsoup4
COVID-19-Cases,mccabe
COVID-19-Cases,six
COVID-19-Cases,lxml
COVID-19-Cases,autopep8
COVID-19-Cases,wrapt
COVID-19-Cases,idna
COVID-19-Cases,pycodestyle
COVID-19-Cases,astroid
COVID-19-Cases,lazy-object-proxy
COVID-19-Cases,isort
COVID-19-Cases,chardet
COVID-19-Cases,soupsieve
COVID-19-Cases,beautifulsoup4
COVID-19-Cases,urllib3
COVID-19-Cases,pylint
COVID-19-Cases,requests
COVID-19-Cases,certifi
engineCrawler,selenium
engineCrawler,imagehash
engineCrawler,numpy
engineCrawler,PySocks
engineCrawler,requests
Py2Crawl,lxml
Py2Crawl,setuptools
Py2Crawl,aiohttp
Py2Crawl,Py2Web
nspider,requests
nspider,lxml
nspider,beautifulsoup4
crawlio,parsel
crawlio,fastapi
crawlio,aiohttp
crawlio,click
dsrf-finder,requests
dsrf-finder,jsonpath-ng
dsrf-finder,requests-html
punters-client,tzlocal
punters-client,check-manifest;
punters-client,pytz
punters-client,cssselect
punters-client,bumpversion;
punters-client,tox;
distroscraper,lxml
distroscraper,transmissionrpc
distroscraper,beautifulsoup4
distroscraper,htmlmin
distroscraper,requests
scrapingbee,requests
opengraph-parse,bs4
opengraph-parse,requests
rescrap,requests
rescrap,PyPDF2
rescrap,regex
SpiderWebCrawler,Pillow
SpiderWebCrawler,six
SpiderWebCrawler,python-dateutil
SpiderWebCrawler,idna
SpiderWebCrawler,chardet
SpiderWebCrawler,bs4
SpiderWebCrawler,numpy
SpiderWebCrawler,pandas
SpiderWebCrawler,pytz
SpiderWebCrawler,soupsieve
SpiderWebCrawler,beautifulsoup4
SpiderWebCrawler,urllib3
SpiderWebCrawler,requests
SpiderWebCrawler,certifi
raschietto,cssselect
raschietto,requests
raschietto,lxml
raschietto,urllib3
getapt,bs4
getapt,packaging
getapt,fastcore
getapt,pip
imslp,bs4
imslp,requests
imslp,mwclient
webscrapingapi,requests
scrapeTiger,webdriver-manager
scrapeTiger,selenium
arachnid-spider,chardet
arachnid-spider,pyopenssl
arachnid-spider,pyasn1
arachnid-spider,beautifulsoup4
arachnid-spider,tldextract
arachnid-spider,requests
microwler,prettytable
microwler,lxml
microwler,diskcache
microwler,html-text
microwler,quart
microwler,parsel
microwler,quart-cors
microwler,completely
microwler,aiohttp
microwler,chardet
microwler,click
microwler,aiodns
microwler,random-user-agent
exfoliate,aiohttp
okami,markupsafe
okami,pytest-asyncio
okami,pyyaml
okami,aiohttp
okami,pytest-cov
okami,flake8
okami,mkdocs-material
okami,codecov
okami,pytest-freezegun
okami,click
okami,pipdeptree
okami,multidict
okami,pygments
okami,pytest
okami,lxml
okami,pymdown-extensions
okami,attrs
okami,mkdocs
okami,sqlitedict
liquidcss,cssutils
liquidcss,bs4
liquidcss,esprima
script-scraper-alpha,scrapydo
script-scraper-alpha,Scrapy
catwallpaper,requests
scrape-jobs,twine
scrape-jobs,hed-utils
scrape-jobs,coverage
scrape-jobs,pytest-cov
scrape-jobs,pylint
scrape-jobs,flake8
scrape-jobs,pytest
scrape-jobs,pyscaffold[all]
