name,language
blif2graph,Python
cprofile_graph,Python
property-graph,Python
compile-graph,Python
dse-graph,Python
graph-measures,C++
graph-measures,Python
call-graph,Python
pydot,Python
aranet4-graph,Python
d3graph,Python
grand-graph,Python
igraph,Python
igraph,C
matplotlib,Python
pygraphviz,Python
pygraphviz,C
graph-svg,Python
graph-trackintel,Python
ahp-graph,Python
bokeh,Python
bokeh,JavaScript
plotly,Python
holoviews,Python
graph-force,Python
graph-force,Rust
graph-tool,C++
graph-tool,Python
ribbon-graph,Python
seaborn,Python
networkx,Python
