time,2022-12-31,97
gnn,2022-12-31,100
api_development,2023-01-04,100
pattern_finding,2023-01-05,98
synthetic_data,2023-01-05,100
graph_neural_network,2023-02-06,99
ploting,2023-02-06,60
spatial_analysis,2023-02-06,97
backend,2023-02-08,100
frontend,2023-02-14,0
large_language_models,,
generative_adversarial_network,,gan,2023-03-09,20
docker,2023-03-09,20
chatgpt,2023-03-11,20
backend_tools,2023-03-12,20
machine_learning_models,2023-03-12,20
web_scrapping,2023-03-30,19
backend_packages_api,2023-04-02,20
graph_network,2023-04-03,20
sleep,2023-05-05,20
graph,2023-05-28,30
api_dev,2023-07-02,20
ploting123,2023-08-09,0
graphnn,2023-08-10,1
graph_network_nn,2023-08-10,20
api,2024-03-10,20
biomedical_knowledge_graph,2024-03-10,20
