package_name,language
synthetic-data-generation,Python
decaf-synthetic-data,Python
synthetic,Python
synthetic-data-generator-pkg,Python
symmetric-synthetic,Python
ydata-synthetic,Python
lucidtech-synthetic,Python
synthetic-datasets,Python
synthetic-sample,Python
rgmining-synthetic-dataset,Python
ligo-synthetic-pe,Python
cognite-synthetic-tags,Python
treebased-synthetic-controls,Python
gretel-synthetics,Python
asydo-dev,Python
asydo,Python
synthcity,Python
sdnist,Python
keras-synthetic-genome-sequence,Python
newrelic-synthetic-python-client,Python
data,Python
data49,Python
crucio,Python
dasy-ml,Python
pac-synth,Python
pac-synth,Rust
synloc,Python
dp-cgans,Python
SyntheticControlMethods,Python
synthgauge,Python
binubuo,Python
dtosmote,Python
smogn,Python
faim,Python
ganblr,Python
SyMBac,Python
insilicodna,Python
scReadSim,Python
popgen,Python
datacraft,Python
coral,Python
bayessynth,Python
synthetig,Python
bamt,Python
sdgym,Python
SDG,Python
ctgan,Python
synthpops,Python
dbldatagen,Python
synthesized,Python
zerobugz,Python
zb-common,Python
aidatafactory,Python
ear-transformers,Python
ddcal,Python
Dedomena,Python
GANerAid,Python
pgsynthdata,Python
sequgen,Python
pysimstudy,Python
signalz,Python
datasynth,Python
smartnoise-synth,Python
syndata,Python
repliclust,Python
sengen,Python
ganify,Python
targen,Python
tonic-reporting,Python
setigen,Python
synthia,Python
activeSVC,Python
rop,Python
rdt-identity,Python
quantum-image-classifier,Python
causaltensor,Python
mypy-boto3-synthetics,Python
pypelearn,Python
manga-ocr,Python
pysynth,Python
types-aiobotocore-synthetics,Python
